ticket_id,subject,tag,tag_description,created_at,all_tags
10369,Re: Reliable Partner?,sppam,,2025-07-22T16:29:53Z,['sppam']
10364,Re: What‚Äôs site efficiency?,sppam,,2025-07-22T10:01:01Z,['sppam']
10363,I need a Paid Post with permanent do follow link at this Site. https://www.aisuitup.com/,sppam,,2025-07-22T09:45:44Z,['sppam']
10361,"Re: ""Well done!""",sppam,,2025-07-22T08:55:44Z,['sppam']
10360,AW: [Ai SuitUp] Your AI Generated Headshots Are Ready!,reupload,Customer asks for the possibility to reupload different pictures to get better results,2025-07-22T08:01:44Z,['reupload']
10359,Re: Clothe Need Experts..,sppam,,2025-07-22T07:41:28Z,['sppam']
10358,Project 866915498104,ghost-email,The customer contacts us but no info is avaialble on him her in stripe or dashboard,2025-07-22T07:32:45Z,['ghost-email']
10356,Re: [Ai SuitUp] Your AI Generated Headshots Are Ready!,refund,Customer requests a refund as is intentioned to absoluetely get a refund. See sub-categories,2025-07-22T03:45:53Z,['refund']
10352,No likeness in pictures,reupload,Customer asks for the possibility to reupload different pictures to get better results,2025-07-22T00:21:03Z,['reupload']
10350,Re: [Ai SuitUp] Your AI Generated Headshots Are Ready!,regeneration,"Customer requests a re-generation with different parameters, e.g. my hair are red, I'm too skinny, etc. See sub-categories.",2025-07-21T17:20:37Z,['regeneration']
10349,Guest Post Websites Available,sppam,,2025-07-21T13:25:33Z,['sppam']
10348,Engage. Grow. Repeat.,sppam,,2025-07-21T12:39:19Z,['sppam']
10347,Redesigning/Redevelopment,sppam,,2025-07-21T12:24:47Z,['sppam']
10346,Trustpilot review growth discussion,sppam,,2025-07-21T12:13:05Z,['sppam']
10343,Boost Your SEO with Quality Guest Post Placements,sppam,,2025-07-21T07:40:43Z,['sppam']
10342,Email typo,wrong-email,,2025-07-21T03:42:44Z,['wrong-email']
10341,Re: [Ai SuitUp] Your AI Generated Headshots Are Ready!,regeneration,"Customer requests a re-generation with different parameters, e.g. my hair are red, I'm too skinny, etc. See sub-categories.",2025-07-20T15:40:24Z,['regeneration']
10338,RE: [Ai SuitUp] Your AI Generated Headshots Are Ready! - REFUND REQUEST,regeneration,"Customer requests a re-generation with different parameters, e.g. my hair are red, I'm too skinny, etc. See sub-categories.",2025-07-20T09:38:44Z,['regeneration']
10334,Re: [Ai SuitUp] Your AI Generated Headshots Are Ready!,regeneration,"Customer requests a re-generation with different parameters, e.g. my hair are red, I'm too skinny, etc. See sub-categories.",2025-07-19T00:24:04Z,"['edit', 'regeneration']"
10333,Refund,refund,Customer requests a refund as is intentioned to absoluetely get a refund. See sub-categories,2025-07-18T18:58:51Z,['refund']
10324,Re: [Ai SuitUp] Your AI Generated Headshots Are Ready!,refund,Customer requests a refund as is intentioned to absoluetely get a refund. See sub-categories,2025-07-17T23:37:11Z,['refund']
10320,Re: [Ai SuitUp] Your AI Generated Headshots Are Ready!,regeneration,"Customer requests a re-generation with different parameters, e.g. my hair are red, I'm too skinny, etc. See sub-categories.",2025-07-17T15:54:09Z,['regeneration']
10313,Websites Available for Guest Posts?,sppam,,2025-07-17T08:01:04Z,['sppam']
10307,Re: [Ai SuitUp] Your payment has been received,reupload,Customer asks for the possibility to reupload different pictures to get better results,2025-07-16T19:39:38Z,['reupload']
10306,Re: Your code expired üò¢ Want us to bring it back?,expired,,2025-07-16T19:17:12Z,['expired']
10305,Re: [Ai SuitUp] Your AI Generated Headshots Are Ready!,regeneration,"Customer requests a re-generation with different parameters, e.g. my hair are red, I'm too skinny, etc. See sub-categories.",2025-07-16T18:53:07Z,"['edit', 'regeneration']"
10298,Re: Remote Attorney ???,sppam,,2025-07-16T11:43:22Z,['sppam']
10296,RE: Virtual Assistant for any task on your to-do list,sppam,,2025-07-15T20:29:42Z,['sppam']
10295,Guest Post Opportunities ‚Äì High Authority Sites.,sppam,,2025-07-15T17:17:22Z,['sppam']
10291,For Twitter and LinkedIn collaboration,influencers,Customer wants to sponsor AI SuitUp on their profiles,2025-07-15T09:02:44Z,['influencers']
10290,Re: Collab,sppam,,2025-07-15T08:08:03Z,['sppam']
10288,Re: [Ai SuitUp] Your AI Generated Headshots Are Ready!,regeneration,"Customer requests a re-generation with different parameters, e.g. my hair are red, I'm too skinny, etc. See sub-categories.",2025-07-15T01:35:36Z,['regeneration']
10287,Requesting a Refund,refund,Customer requests a refund as is intentioned to absoluetely get a refund. See sub-categories,2025-07-14T23:22:27Z,['refund']
10285,Re: [Ai SuitUp] Your headshots generation has started,reupload,Customer asks for the possibility to reupload different pictures to get better results,2025-07-14T21:47:31Z,['reupload']
10284,New Order - Updated Email,wrong-email,,2025-07-14T21:24:20Z,['wrong-email']
10281,RE: [Ai SuitUp] Your payment has been received,regeneration,"Customer requests a re-generation with different parameters, e.g. my hair are red, I'm too skinny, etc. See sub-categories.",2025-07-14T18:38:29Z,['regeneration']
10279,Fwd: [Ai SuitUp] Your AI Generated Headshots Are Ready!,regen-info,This contains the specific feedback from customer for rigen ,2025-07-14T15:18:16Z,['regen-info']
10273,Refund,refund,Customer requests a refund as is intentioned to absoluetely get a refund. See sub-categories,2025-07-14T11:56:01Z,['refund']
10272,Re: [Ai SuitUp] Re: Re: [Ai SuitUp] Your AI Generated Headshots Are Ready!,regeneration,"Customer requests a re-generation with different parameters, e.g. my hair are red, I'm too skinny, etc. See sub-categories.",2025-07-14T11:23:44Z,['regeneration']
10266,Re: [Ai SuitUp] Re: Re: [Ai SuitUp] Your AI Generated Headshots Are Ready!,reupload,Customer asks for the possibility to reupload different pictures to get better results,2025-07-13T02:09:46Z,['reupload']
10265,Re: [Ai SuitUp] Your AI Generated Headshots Are Ready!,regen-info,This contains the specific feedback from customer for rigen ,2025-07-12T23:58:20Z,['regen-info']
10262,Photos,regeneration,"Customer requests a re-generation with different parameters, e.g. my hair are red, I'm too skinny, etc. See sub-categories.",2025-07-11T22:53:02Z,['regeneration']
10261,order e692233e-e943-40b6-aeb0-a493dfb51ce1,wrong-email,,2025-07-11T22:05:08Z,['wrong-email']
10259,Re: [Ai SuitUp] Your AI Generated Headshots Are Ready!,regeneration,"Customer requests a re-generation with different parameters, e.g. my hair are red, I'm too skinny, etc. See sub-categories.",2025-07-11T18:11:31Z,['regeneration']
10258,Receipt from Recent Order,invoice,Customer requests an invoice,2025-07-11T15:53:12Z,['invoice']
10256,Re: Google Analytics tracking,sppam,,2025-07-11T15:43:49Z,['sppam']
10250,Re: SEO Content Writing,sppam,,2025-07-11T10:10:03Z,['sppam']
10249,design,sppam,,2025-07-11T09:11:25Z,['sppam']
10247,Photos ICO Paul Ritter,regen-info,This contains the specific feedback from customer for rigen ,2025-07-11T03:11:38Z,['regen-info']
10246,Recent head shot submission,reupload,Customer asks for the possibility to reupload different pictures to get better results,2025-07-11T01:21:24Z,['reupload']
10242,"Ref: Thursday, July~10th 05:52 PM | Follow up",sppam,,2025-07-10T20:50:12Z,['sppam']
10241,Re: [Ai SuitUp] Your AI Generated Headshots Are Ready!,regeneration,"Customer requests a re-generation with different parameters, e.g. my hair are red, I'm too skinny, etc. See sub-categories.",2025-07-10T18:06:35Z,['regeneration']
10240,Potential collaboration,sppam,,2025-07-10T17:38:44Z,['sppam']
10239,Collaboration,sppam,,2025-07-10T17:38:43Z,['sppam']
10238,Google Analytics tracking,sppam,,2025-07-10T16:19:36Z,['sppam']
10237,I want to show you amazing guest post opportunities,sppam,,2025-07-10T15:43:57Z,['sppam']
10236,Re: [Ai SuitUp] Your AI Generated Headshots Are Ready!,refund,Customer requests a refund as is intentioned to absoluetely get a refund. See sub-categories,2025-07-10T14:28:22Z,['refund']
10235,Expert Online reputation management,sppam,,2025-07-10T12:10:27Z,['sppam']
10234,Sites will be in higher demand,sppam,,2025-07-10T12:05:17Z,['sppam']
10232,"Re: Meeting | Virtual Assistant ""Full/Part Time -info@aisuitup.com",sppam,,2025-07-10T11:15:39Z,['sppam']
10231,Can we talk!,sppam,,2025-07-10T10:09:26Z,['sppam']
10230,Client,sppam,,2025-07-10T09:53:53Z,['sppam']
10229,Re: Collab,sppam,,2025-07-10T06:40:58Z,['sppam']
10222,RE: [External] [Ai SuitUp] Your payment has been received,invoice,Customer requests an invoice,2025-07-09T14:11:34Z,['invoice']
10212,For Twitter and LinkedIn collaboration,sppam,,2025-07-08T19:31:43Z,['sppam']
10208,1st page Google,sppam,,2025-07-08T16:23:19Z,['sppam']
10207,"Before You Lose Another Client, Read This",sppam,,2025-07-08T15:08:46Z,['sppam']
10206,Machine Learning Software Users,sppam,,2025-07-08T14:25:06Z,['sppam']
10204,Re: Refund Request,refund,Customer requests a refund as is intentioned to absoluetely get a refund. See sub-categories,2025-07-08T13:45:43Z,['refund']
10200,Bank of New York Conference,team-info,,2025-07-08T12:15:10Z,['team-info']
10199,Enterprise Team Request,team-info,,2025-07-08T10:43:19Z,['team-info']
10195,Enterprise Team Request,team-info,,2025-07-08T08:18:46Z,['team-info']
10187,Enterprise Team Request,team-info,,2025-07-07T13:07:55Z,['team-info']
10182,Enterprise Team Request,team-info,,2025-07-07T05:24:24Z,['team-info']
10181,share on Indeed.com,linkedin,Customer has shared their pictures on LinkedIn and wants a re-generation,2025-07-07T03:45:14Z,['linkedin']
10179,Re: [Ai SuitUp] Re: Re: [Ai SuitUp] Your AI Generated Headshots Are Ready!,refund,Customer requests a refund as is intentioned to absoluetely get a refund. See sub-categories,2025-07-07T01:26:32Z,['refund']
10177,Re: [Ai SuitUp] How did we do?,refund,Customer requests a refund as is intentioned to absoluetely get a refund. See sub-categories,2025-07-06T23:12:07Z,['refund']
10176,Free Generation,linkedin,Customer has shared their pictures on LinkedIn and wants a re-generation,2025-07-06T17:43:30Z,['linkedin']
10175,AI Suit Up Photos,refund,Customer requests a refund as is intentioned to absoluetely get a refund. See sub-categories,2025-07-06T06:48:06Z,['refund']
10172,Need Assistance,regeneration,"Customer requests a re-generation with different parameters, e.g. my hair are red, I'm too skinny, etc. See sub-categories.",2025-07-06T00:57:33Z,['regeneration']
10171,Refund,refund,Customer requests a refund as is intentioned to absoluetely get a refund. See sub-categories,2025-07-06T00:43:51Z,"['15pics', 'refund']"
10170,Enterprise Team Request,team-info,,2025-07-05T19:58:49Z,['team-info']
10157,Fw: [Ai SuitUp] Your payment has been received,invoice,Customer requests an invoice,2025-07-04T14:12:19Z,['invoice']
10154,Enterprise Team Request,team-info,,2025-07-04T08:00:36Z,['team-info']
10153,Enterprise Team Request,team-info,,2025-07-04T06:53:15Z,['team-info']
10152,Re: [Ai SuitUp] Your AI Generated Headshots Are Ready!,reupload,Customer asks for the possibility to reupload different pictures to get better results,2025-07-04T06:27:51Z,['reupload']
10149,Re: [Ai SuitUp] Your AI Generated Headshots Are Ready!,refund,Customer requests a refund as is intentioned to absoluetely get a refund. See sub-categories,2025-07-03T22:41:04Z,['refund']
10148,Re: [Ai SuitUp] Your AI Generated Headshots Are Ready!,regeneration,"Customer requests a re-generation with different parameters, e.g. my hair are red, I'm too skinny, etc. See sub-categories.",2025-07-03T22:31:49Z,['regeneration']
10146,Hey,sppam,,2025-07-03T22:03:27Z,['sppam']
10145,Re: [Ai SuitUp] Your AI Generated Headshots Are Ready!,regeneration,"Customer requests a re-generation with different parameters, e.g. my hair are red, I'm too skinny, etc. See sub-categories.",2025-07-03T21:23:24Z,['regeneration']
10143,RE: [Ai SuitUp] Your payment has been received,invoice,Customer requests an invoice,2025-07-03T16:57:05Z,['invoice']
10141,Rank Higher Online.,sppam,,2025-07-03T15:43:47Z,['sppam']
10138,1st Page,sppam,,2025-07-03T12:24:02Z,['sppam']
10132,RE: [Ai SuitUp] How did we do?,refund,Customer requests a refund as is intentioned to absoluetely get a refund. See sub-categories,2025-07-03T00:50:29Z,['refund']
10130,Re: [Ai SuitUp] Your AI Generated Headshots Are Ready!,regeneration,"Customer requests a re-generation with different parameters, e.g. my hair are red, I'm too skinny, etc. See sub-categories.",2025-07-02T19:06:21Z,['regeneration']
10120,"Re: [Ai SuitUp] Re: Re: [Ai SuitUp] Re: Boost Your SEO with Premium Do-Follow Backlinks ‚Äì Business, Tech & More",sppam,,2025-07-02T11:59:08Z,['sppam']
10118,Enterprise Team Request,team-info,,2025-07-02T09:01:20Z,['team-info']
10116,Collab,sppam,,2025-07-02T06:12:15Z,['sppam']
10115,Enterprise Team Request,team-info,,2025-07-02T06:10:06Z,['team-info']
10112,Receipt?,invoice,Customer requests an invoice,2025-07-01T23:07:48Z,['invoice']
10110,Request of receipt for payment,invoice,Customer requests an invoice,2025-07-01T19:52:10Z,['invoice']
10108,Re: Customized SEO Plans‚ö°,sppam,,2025-07-01T18:29:48Z,['sppam']
10107,I want a refund.  I uploaded 6 photos and then pai...,ghost-email,The customer contacts us but no info is avaialble on him her in stripe or dashboard,2025-07-01T18:12:57Z,"['ghost-email', 'web_widget']"
10106,Re: [Ai SuitUp] Your payment has been received,invoice,Customer requests an invoice,2025-07-01T15:12:45Z,['invoice']
10102,Media Request,influencers,Customer wants to sponsor AI SuitUp on their profiles,2025-07-01T06:17:52Z,['influencers']
10100,Dissatisfaction AI Headshots,reupload,Customer asks for the possibility to reupload different pictures to get better results,2025-07-01T01:02:04Z,['reupload']
10099,Collaboration,influencers,Customer wants to sponsor AI SuitUp on their profiles,2025-06-30T23:40:41Z,['influencers']
10098,Re: [Ai SuitUp] Your AI Generated Headshots Are Ready!,refund,Customer requests a refund as is intentioned to absoluetely get a refund. See sub-categories,2025-06-30T22:45:03Z,['refund']
10096,Site Review Alert,sppam,,2025-06-30T20:36:09Z,['sppam']
10095,Fwd: [Ai SuitUp] Your payment has been received,refund,Customer requests a refund as is intentioned to absoluetely get a refund. See sub-categories,2025-06-30T20:29:52Z,['refund']
10094,Re: [Ai SuitUp] Your AI Generated Headshots Are Ready!,regeneration,"Customer requests a re-generation with different parameters, e.g. my hair are red, I'm too skinny, etc. See sub-categories.",2025-06-30T20:25:49Z,['regeneration']
10090,Re: [Ai SuitUp] Your headshots generation has started,regeneration,"Customer requests a re-generation with different parameters, e.g. my hair are red, I'm too skinny, etc. See sub-categories.",2025-06-30T17:48:48Z,['regeneration']
10088,Enterprise Team Request,team-info,,2025-06-30T17:04:34Z,['team-info']
10086,Re: Website That Reflects Your Brand!,sppam,,2025-06-30T15:48:39Z,['sppam']
10077,Invoicing / Billing,invoice,Customer requests an invoice,2025-06-30T08:35:18Z,['invoice']
10076,Enterprise Team Request,team-info,,2025-06-30T06:55:44Z,['team-info']
10074,Re: [Ai SuitUp] Your AI Generated Headshots Are Ready!,regeneration,"Customer requests a re-generation with different parameters, e.g. my hair are red, I'm too skinny, etc. See sub-categories.",2025-06-29T23:25:28Z,['regeneration']
10073,Re: [Ai SuitUp] Your AI Generated Headshots Are Ready!,regeneration,"Customer requests a re-generation with different parameters, e.g. my hair are red, I'm too skinny, etc. See sub-categories.",2025-06-29T19:06:49Z,['regeneration']
10069,Re: [Ai SuitUp] Re: Missing headshots,ghost-email,The customer contacts us but no info is avaialble on him her in stripe or dashboard,2025-06-29T07:09:14Z,['ghost-email']
10068,I shared on LinkedIn,linkedin,Customer has shared their pictures on LinkedIn and wants a re-generation,2025-06-28T10:22:03Z,['linkedin']
10067,Re: [Ai SuitUp] Your AI Generated Headshots Are Ready!,refund,Customer requests a refund as is intentioned to absoluetely get a refund. See sub-categories,2025-06-28T03:51:38Z,['refund']
10065,Re: [Ai SuitUp] Your AI Generated Headshots Are Ready!,refund,Customer requests a refund as is intentioned to absoluetely get a refund. See sub-categories,2025-06-28T00:30:44Z,['refund']
10063,Re: [Ai SuitUp] Re: AI SuitUp Refund Request,refund,Customer requests a refund as is intentioned to absoluetely get a refund. See sub-categories,2025-06-27T20:19:38Z,['refund']
10061,Remote Attorney and Paralegal,sppam,,2025-06-27T12:58:03Z,['sppam']
10060,Your Competitors Are Winning with 5-Star Profiles Why Not You?,sppam,,2025-06-27T12:47:57Z,['sppam']
10059,Do You Need to Hire a Virtual Assistant?,sppam,,2025-06-27T12:40:39Z,['sppam']
10055,Re: [Ai SuitUp] Your payment has been received,refund,Customer requests a refund as is intentioned to absoluetely get a refund. See sub-categories,2025-06-26T20:12:00Z,['refund']
10054,RE: May i send you a price list...,sppam,,2025-06-26T17:45:02Z,['sppam']
10052,Double charge,double-pay,Customer has paid two times and wants a refund,2025-06-26T16:20:15Z,['double-pay']
10049,Top Page On Google,sppam,,2025-06-26T11:59:30Z,['sppam']
10047,üôá‚Äç‚ôÇÔ∏è App Business Plans...,sppam,,2025-06-26T07:33:24Z,['sppam']
10046,RE: [Ai SuitUp] Re: Team Request,invoice,Customer requests an invoice,2025-06-26T06:23:30Z,"['invoice', 'team']"
10042,Google Analytics tracking,sppam,,2025-06-25T17:31:28Z,['sppam']
10040,Re: [Ai SuitUp] How did we do?,regeneration,"Customer requests a re-generation with different parameters, e.g. my hair are red, I'm too skinny, etc. See sub-categories.",2025-06-25T17:21:44Z,['regeneration']
10039,Updates for Webflow Optimize usage,sppam,,2025-06-25T16:45:09Z,['sppam']
10038,Let‚Äôs Optimize Your Site for Google,sppam,,2025-06-25T16:26:45Z,['sppam']
10037,No pics received,ghost-email,The customer contacts us but no info is avaialble on him her in stripe or dashboard,2025-06-25T15:06:58Z,['ghost-email']
10035,Re: [Ai SuitUp] Your AI Generated Headshots Are Ready!,refund,Customer requests a refund as is intentioned to absoluetely get a refund. See sub-categories,2025-06-25T13:43:11Z,['refund']
10034,Re: [Ai SuitUp] Your AI Generated Headshots Are Ready!,regeneration,"Customer requests a re-generation with different parameters, e.g. my hair are red, I'm too skinny, etc. See sub-categories.",2025-06-25T13:16:12Z,['regeneration']
10029,Website not working,ghost-email,The customer contacts us but no info is avaialble on him her in stripe or dashboard,2025-06-25T02:12:00Z,['ghost-email']
10025,Exceutive headshots,regeneration,"Customer requests a re-generation with different parameters, e.g. my hair are red, I'm too skinny, etc. See sub-categories.",2025-06-24T19:52:28Z,['regeneration']
10020,Headshots,regen-info,This contains the specific feedback from customer for rigen ,2025-06-24T15:10:32Z,['regen-info']
10018,Quality Guest Posting Sites ‚Äì Health Niche,influencers,Customer wants to sponsor AI SuitUp on their profiles,2025-06-24T04:43:20Z,['influencers']
10017,Refund Request,refund,Customer requests a refund as is intentioned to absoluetely get a refund. See sub-categories,2025-06-24T03:07:24Z,['refund']
10005,Let‚Äôs Boost Your SEO with Quality Guest Posts,sppam,,2025-06-23T04:21:59Z,['sppam']
10004,Refund Requested - Fwd: [Ai SuitUp] Your AI Generated Headshots Are Ready!,refund,Customer requests a refund as is intentioned to absoluetely get a refund. See sub-categories,2025-06-23T01:19:12Z,['refund']
10003,Re: [Ai SuitUp] Your AI Generated Headshots Are Ready!,regeneration,"Customer requests a re-generation with different parameters, e.g. my hair are red, I'm too skinny, etc. See sub-categories.",2025-06-22T23:00:37Z,['regeneration']
10001,I am highly interested to promote it on my X account,influencers,Customer wants to sponsor AI SuitUp on their profiles,2025-06-22T13:14:30Z,['influencers']
10000,Re: Remote paralegal ?,sppam,,2025-06-22T10:34:20Z,['sppam']
9998,Refund Request,regeneration,"Customer requests a re-generation with different parameters, e.g. my hair are red, I'm too skinny, etc. See sub-categories.",2025-06-22T02:29:10Z,['regeneration']
9997,Re: [Ai SuitUp] Your AI Generated Headshots Are Ready!,regen-info,This contains the specific feedback from customer for rigen ,2025-06-22T00:21:07Z,['regen-info']
9994,Re: Need Cost-Effective Legal Support?,sppam,,2025-06-21T17:45:17Z,['sppam']
9991,SEO Content Writing,sppam,,2025-06-20T17:15:30Z,['sppam']
9981,Re: [Ai SuitUp] How did we do?,feedback,Customer wants to provide feedback,2025-06-19T16:04:39Z,['feedback']
9976,Headshots,regeneration,"Customer requests a re-generation with different parameters, e.g. my hair are red, I'm too skinny, etc. See sub-categories.",2025-06-19T05:43:56Z,['regeneration']
9975,Re: [Ai SuitUp] How did we do?,refund,Customer requests a refund as is intentioned to absoluetely get a refund. See sub-categories,2025-06-19T01:27:23Z,['refund']
9973,Re: [Ai SuitUp] Your AI Generated Headshots Are Ready!,regeneration,"Customer requests a re-generation with different parameters, e.g. my hair are red, I'm too skinny, etc. See sub-categories.",2025-06-18T20:30:30Z,['regeneration']
9966,Re: [Ai SuitUp] Your AI Generated Headshots Are Ready!,refund,Customer requests a refund as is intentioned to absoluetely get a refund. See sub-categories,2025-06-18T00:12:50Z,['refund']
9965,Re: [Ai SuitUp] Your AI Generated Headshots Are Ready!,regeneration,"Customer requests a re-generation with different parameters, e.g. my hair are red, I'm too skinny, etc. See sub-categories.",2025-06-17T22:46:55Z,['regeneration']
9964,Re: [Ai SuitUp] Your AI Generated Headshots Are Ready!,refund,Customer requests a refund as is intentioned to absoluetely get a refund. See sub-categories,2025-06-17T22:09:02Z,['refund']
9956,Missing headshots,ghost-email,The customer contacts us but no info is avaialble on him her in stripe or dashboard,2025-06-17T04:17:18Z,['ghost-email']
9954,Re: [Ai SuitUp] Your payment has been received,refund,Customer requests a refund as is intentioned to absoluetely get a refund. See sub-categories,2025-06-16T18:14:10Z,['refund']
9953,Re: [Ai SuitUp] Your AI Generated Headshots Are Ready!,invoice,Customer requests an invoice,2025-06-16T16:52:12Z,['invoice']
9948,Re: [Ai SuitUp] Your AI Generated Headshots Are Ready!,reupload,Customer asks for the possibility to reupload different pictures to get better results,2025-06-15T19:15:03Z,['reupload']
9947,Head shots,regeneration,"Customer requests a re-generation with different parameters, e.g. my hair are red, I'm too skinny, etc. See sub-categories.",2025-06-15T13:44:59Z,['regeneration']
9945,Re: [Ai SuitUp] Your AI Generated Headshots Are Ready!,regeneration,"Customer requests a re-generation with different parameters, e.g. my hair are red, I'm too skinny, etc. See sub-categories.",2025-06-14T19:34:24Z,['regeneration']
9943,AI SuitUp Refund Request,refund,Customer requests a refund as is intentioned to absoluetely get a refund. See sub-categories,2025-06-14T05:28:50Z,['refund']
9941,Refund Request,refund,Customer requests a refund as is intentioned to absoluetely get a refund. See sub-categories,2025-06-13T20:11:54Z,['refund']
9939,Re: [Ai SuitUp] Your AI Generated Headshots Are Ready!,reupload,Customer asks for the possibility to reupload different pictures to get better results,2025-06-13T19:05:22Z,['reupload']
9932,Re: [Ai SuitUp] Your AI Generated Headshots Are Ready!,refund,Customer requests a refund as is intentioned to absoluetely get a refund. See sub-categories,2025-06-13T16:16:41Z,['refund']
9927,Re: [Ai SuitUp] Your payment has been received,refund,Customer requests a refund as is intentioned to absoluetely get a refund. See sub-categories,2025-06-13T01:48:35Z,['refund']
9926,Re: [Ai SuitUp] Your AI Generated Headshots Are Ready!,regeneration,"Customer requests a re-generation with different parameters, e.g. my hair are red, I'm too skinny, etc. See sub-categories.",2025-06-12T21:38:12Z,['regeneration']
9917,Re: [Ai SuitUp] Your AI Generated Headshots Are Ready!,regeneration,"Customer requests a re-generation with different parameters, e.g. my hair are red, I'm too skinny, etc. See sub-categories.",2025-06-12T03:25:20Z,['regeneration']
9915,Refund. I‚Äôm bald wtf is this?,regeneration,"Customer requests a re-generation with different parameters, e.g. my hair are red, I'm too skinny, etc. See sub-categories.",2025-06-11T22:40:13Z,['regeneration']
9913,Re: [Ai SuitUp] Your AI Generated Headshots Are Ready!,refund,Customer requests a refund as is intentioned to absoluetely get a refund. See sub-categories,2025-06-11T19:47:56Z,['refund']
9912,Re: [Ai SuitUp] Your payment has been received,refund,Customer requests a refund as is intentioned to absoluetely get a refund. See sub-categories,2025-06-11T18:36:48Z,['refund']
9909,Re: [Ai SuitUp] Your AI Generated Headshots Are Ready!,refund,Customer requests a refund as is intentioned to absoluetely get a refund. See sub-categories,2025-06-11T16:42:56Z,['refund']
9906,Re: [Ai SuitUp] Your AI Generated Headshots Are Ready!,regeneration,"Customer requests a re-generation with different parameters, e.g. my hair are red, I'm too skinny, etc. See sub-categories.",2025-06-11T14:18:40Z,['regeneration']
9903,Full refund request - Colette Pratt,refund,Customer requests a refund as is intentioned to absoluetely get a refund. See sub-categories,2025-06-11T12:41:32Z,['refund']
9900,Re: [Ai SuitUp] Your AI Generated Headshots Are Ready!,reupload,Customer asks for the possibility to reupload different pictures to get better results,2025-06-11T10:01:45Z,['reupload']
9899,Re: [Ai SuitUp] Your AI Generated Headshots Are Ready!,regeneration,"Customer requests a re-generation with different parameters, e.g. my hair are red, I'm too skinny, etc. See sub-categories.",2025-06-11T09:54:06Z,['regeneration']
9898,Re: [Ai SuitUp] Your AI Generated Headshots Are Ready!,refund,Customer requests a refund as is intentioned to absoluetely get a refund. See sub-categories,2025-06-11T04:02:35Z,['refund']
9897,Photos,regeneration,"Customer requests a re-generation with different parameters, e.g. my hair are red, I'm too skinny, etc. See sub-categories.",2025-06-11T02:19:14Z,['regeneration']
9894,Re: [Ai SuitUp] Re: Re: [Ai SuitUp] Your payment has been received,refund,Customer requests a refund as is intentioned to absoluetely get a refund. See sub-categories,2025-06-10T22:14:37Z,"['pictures-not-received-spam', 'refund']"
9893,I Would Like a Refund Please,refund,Customer requests a refund as is intentioned to absoluetely get a refund. See sub-categories,2025-06-10T21:02:08Z,['refund']
9892,RE: [Ai SuitUp] Your AI Generated Headshots Are Ready!,reupload,Customer asks for the possibility to reupload different pictures to get better results,2025-06-10T19:38:31Z,['reupload']
9889,Never received order,ghost-email,The customer contacts us but no info is avaialble on him her in stripe or dashboard,2025-06-10T17:41:27Z,['ghost-email']
9888,Refund,refund,Customer requests a refund as is intentioned to absoluetely get a refund. See sub-categories,2025-06-10T14:36:24Z,['refund']
9886,Re: [Ai SuitUp] Your AI Generated Headshots Are Ready!,refund,Customer requests a refund as is intentioned to absoluetely get a refund. See sub-categories,2025-06-10T13:54:05Z,['refund']
9882,Re: [Ai SuitUp] Re: Re: [Ai SuitUp] Your payment has been received,invoice,Customer requests an invoice,2025-06-10T10:56:40Z,"['invoice', 'pictures-not-received-spam']"
9879,Re: [Ai SuitUp] Your AI Generated Headshots Are Ready!,regeneration,"Customer requests a re-generation with different parameters, e.g. my hair are red, I'm too skinny, etc. See sub-categories.",2025-06-09T20:33:47Z,['regeneration']
9877,Re: [Ai SuitUp] Your AI Generated Headshots Are Ready!,refund,Customer requests a refund as is intentioned to absoluetely get a refund. See sub-categories,2025-06-09T19:40:30Z,['refund']
9875,Re: [Ai SuitUp] Your AI Generated Headshots Are Ready!,regeneration,"Customer requests a re-generation with different parameters, e.g. my hair are red, I'm too skinny, etc. See sub-categories.",2025-06-09T17:23:55Z,['regeneration']
9871,Re: [Ai SuitUp] Your AI Generated Headshots Are Ready!,regeneration,"Customer requests a re-generation with different parameters, e.g. my hair are red, I'm too skinny, etc. See sub-categories.",2025-06-09T12:19:02Z,['regeneration']
9870,AI Headshots,refund,Customer requests a refund as is intentioned to absoluetely get a refund. See sub-categories,2025-06-09T10:39:41Z,['refund']
9868,Re: [Ai SuitUp] How did we do?,reupload,Customer asks for the possibility to reupload different pictures to get better results,2025-06-09T01:09:39Z,['reupload']
9866,Photo Upload Error,regeneration,"Customer requests a re-generation with different parameters, e.g. my hair are red, I'm too skinny, etc. See sub-categories.",2025-06-08T20:49:21Z,['regeneration']
9863,Re: [Ai SuitUp] Your payment has been received,refund,Customer requests a refund as is intentioned to absoluetely get a refund. See sub-categories,2025-06-08T18:07:39Z,['refund']
9861,Re: [Ai SuitUp] Your AI Generated Headshots Are Ready!,refund,Customer requests a refund as is intentioned to absoluetely get a refund. See sub-categories,2025-06-08T11:26:47Z,['refund']
9860,Refund Request,refund,Customer requests a refund as is intentioned to absoluetely get a refund. See sub-categories,2025-06-08T00:47:31Z,['refund']
9858,Re: Refund Request ‚Äì Order bcb0f54c-0464-4c5e-a657-8d0811af22a7,refund,Customer requests a refund as is intentioned to absoluetely get a refund. See sub-categories,2025-06-07T21:32:34Z,['refund']
9854,Re: [Ai SuitUp] Your AI Generated Headshots Are Ready!,reupload,Customer asks for the possibility to reupload different pictures to get better results,2025-06-06T20:10:47Z,['reupload']
9853,Re: [Ai SuitUp] Your AI Generated Headshots Are Ready!,regeneration,"Customer requests a re-generation with different parameters, e.g. my hair are red, I'm too skinny, etc. See sub-categories.",2025-06-06T20:08:16Z,['regeneration']
9851,Refund,refund,Customer requests a refund as is intentioned to absoluetely get a refund. See sub-categories,2025-06-06T19:08:28Z,['refund']
9848,RE: [Ai SuitUp] Your payment has been received,refund,Customer requests a refund as is intentioned to absoluetely get a refund. See sub-categories,2025-06-06T16:54:54Z,['refund']
9841,Reclamation,regeneration,"Customer requests a re-generation with different parameters, e.g. my hair are red, I'm too skinny, etc. See sub-categories.",2025-06-05T22:32:13Z,['regeneration']
9827,RE: [Ai SuitUp] Re: Re: [Ai SuitUp] Your AI Generated Headshots Are Ready!,refund,Customer requests a refund as is intentioned to absoluetely get a refund. See sub-categories,2025-06-04T22:33:01Z,['refund']
9826,Re: [Ai SuitUp] How did we do?,refund,Customer requests a refund as is intentioned to absoluetely get a refund. See sub-categories,2025-06-04T21:24:35Z,['refund']
9822,Headshot Redo?,regeneration,"Customer requests a re-generation with different parameters, e.g. my hair are red, I'm too skinny, etc. See sub-categories.",2025-06-04T19:37:09Z,['regeneration']
9819,Re: [AI SuitUp] Team member completed email,regeneration,"Customer requests a re-generation with different parameters, e.g. my hair are red, I'm too skinny, etc. See sub-categories.",2025-06-04T18:06:46Z,"['kontext', 'regeneration']"
9818,Re: [Ai SuitUp] Your AI Generated Headshots Are Ready!,regeneration,"Customer requests a re-generation with different parameters, e.g. my hair are red, I'm too skinny, etc. See sub-categories.",2025-06-04T15:34:22Z,"['body-type', 'regeneration']"
9813,Re: [Ai SuitUp] How did we do?,regeneration,"Customer requests a re-generation with different parameters, e.g. my hair are red, I'm too skinny, etc. See sub-categories.",2025-06-03T19:48:46Z,"['hair', 'regeneration']"
9811,Paid twice,double-pay,Customer has paid two times and wants a refund,2025-06-03T19:20:29Z,['double-pay']
9807,Re: [Ai SuitUp] Your payment has been received,refund,Customer requests a refund as is intentioned to absoluetely get a refund. See sub-categories,2025-06-03T16:18:36Z,['refund']
9805,Re: [Ai SuitUp] How did we do?,reupload,Customer asks for the possibility to reupload different pictures to get better results,2025-06-03T15:38:55Z,['reupload']
9799,Request for Refund ‚Äì Unsatisfactory AI Results,refund,Customer requests a refund as is intentioned to absoluetely get a refund. See sub-categories,2025-06-03T11:46:28Z,['refund']
9796,Re: [Ai SuitUp] Your payment has been received,refund,Customer requests a refund as is intentioned to absoluetely get a refund. See sub-categories,2025-06-03T03:54:59Z,['refund']
9795,Not using device,refund,Customer requests a refund as is intentioned to absoluetely get a refund. See sub-categories,2025-06-03T01:56:44Z,['refund']
9793,Money back,refund,Customer requests a refund as is intentioned to absoluetely get a refund. See sub-categories,2025-06-03T00:04:13Z,['refund']
9790,Re: [Ai SuitUp] Re: Re: [Ai SuitUp] Your AI Generated Headshots Are Ready!,regeneration,"Customer requests a re-generation with different parameters, e.g. my hair are red, I'm too skinny, etc. See sub-categories.",2025-06-02T17:28:33Z,['regeneration']
9789,Re: [Ai SuitUp] Re: not happy,regeneration,"Customer requests a re-generation with different parameters, e.g. my hair are red, I'm too skinny, etc. See sub-categories.",2025-06-02T17:02:53Z,['regeneration']
9786,I paid - how to log back in?,ghost-email,The customer contacts us but no info is avaialble on him her in stripe or dashboard,2025-06-02T14:34:47Z,['ghost-email']
9776,Re: [Ai SuitUp] Your AI Generated Headshots Are Ready!,refund,Customer requests a refund as is intentioned to absoluetely get a refund. See sub-categories,2025-05-31T21:14:14Z,['refund']
9775,Re: [Ai SuitUp] Your AI Generated Headshots Are Ready!,regeneration,"Customer requests a re-generation with different parameters, e.g. my hair are red, I'm too skinny, etc. See sub-categories.",2025-05-31T20:26:25Z,['regeneration']
9774,Headshot Order,refund,Customer requests a refund as is intentioned to absoluetely get a refund. See sub-categories,2025-05-31T14:21:46Z,"['pictures-not-received-spam', 'refund']"
9769,Re: [Ai SuitUp] Your AI Generated Headshots Are Ready!,refund,Customer requests a refund as is intentioned to absoluetely get a refund. See sub-categories,2025-05-31T03:09:39Z,['refund']
9767,Not Pleased with Headshots - would like refund,refund,Customer requests a refund as is intentioned to absoluetely get a refund. See sub-categories,2025-05-30T23:53:01Z,['refund']
9766,Re: [Ai SuitUp] Your AI Generated Headshots Are Ready!,refund,Customer requests a refund as is intentioned to absoluetely get a refund. See sub-categories,2025-05-30T22:21:17Z,['refund']
9763,Refund Please,refund,Customer requests a refund as is intentioned to absoluetely get a refund. See sub-categories,2025-05-30T16:51:02Z,['refund']
9756,I paid but can't log in and use the service,ghost-email,The customer contacts us but no info is avaialble on him her in stripe or dashboard,2025-05-29T21:41:46Z,['ghost-email']
9755,Re: [Ai SuitUp] Your AI Generated Headshots Are Ready!,refund,Customer requests a refund as is intentioned to absoluetely get a refund. See sub-categories,2025-05-29T18:13:43Z,"['data-deletion', 'refund']"
9754,Re: [Ai SuitUp] Your payment has been received,invoice,Customer requests an invoice,2025-05-29T15:44:06Z,['invoice']
9748,Re: Refund request order ead16d78-b116-4e95-bcc5-1dcabc008753,refund,Customer requests a refund as is intentioned to absoluetely get a refund. See sub-categories,2025-05-29T11:19:51Z,['refund']
9747,Fwd: [Ai SuitUp] Your AI Generated Headshots Are Ready!,refund,Customer requests a refund as is intentioned to absoluetely get a refund. See sub-categories,2025-05-29T11:03:23Z,['refund']
9740,not happy,regeneration,"Customer requests a re-generation with different parameters, e.g. my hair are red, I'm too skinny, etc. See sub-categories.",2025-05-28T18:58:10Z,['regeneration']
9739,Re: [Ai SuitUp] Your AI Generated Headshots Are Ready!,regeneration,"Customer requests a re-generation with different parameters, e.g. my hair are red, I'm too skinny, etc. See sub-categories.",2025-05-28T18:00:51Z,['regeneration']
9738,Inquiry about headshots and incorrect email,ghost-email,The customer contacts us but no info is avaialble on him her in stripe or dashboard,2025-05-28T17:43:43Z,['ghost-email']
9735,Re: [Ai SuitUp] Your payment has been received,invoice,Customer requests an invoice,2025-05-28T12:41:54Z,['invoice']
9733,Re: [Ai SuitUp] Your AI Generated Headshots Are Ready!,regeneration,"Customer requests a re-generation with different parameters, e.g. my hair are red, I'm too skinny, etc. See sub-categories.",2025-05-28T03:53:55Z,['regeneration']
9732,Re: [Ai SuitUp] Your AI Generated Headshots Are Ready!,refund,Customer requests a refund as is intentioned to absoluetely get a refund. See sub-categories,2025-05-27T19:59:46Z,['refund']
9731,Headshot Feedback,regeneration,"Customer requests a re-generation with different parameters, e.g. my hair are red, I'm too skinny, etc. See sub-categories.",2025-05-27T17:14:38Z,['regeneration']
9728,Re: [Ai SuitUp] Your payment has been received,refund,Customer requests a refund as is intentioned to absoluetely get a refund. See sub-categories,2025-05-27T12:07:26Z,['refund']
9726,Refund Request,refund,Customer requests a refund as is intentioned to absoluetely get a refund. See sub-categories,2025-05-27T06:33:45Z,['refund']
9706,Re: [Ai SuitUp] Your payment has been received,invoice,Customer requests an invoice,2025-05-23T14:26:12Z,['invoice']
9705,Issue with my Headshots,regeneration,"Customer requests a re-generation with different parameters, e.g. my hair are red, I'm too skinny, etc. See sub-categories.",2025-05-23T13:53:34Z,['regeneration']
9703,Refund request,refund,Customer requests a refund as is intentioned to absoluetely get a refund. See sub-categories,2025-05-23T09:57:55Z,['refund']
9699,Request for Refund ‚Äì Dissatisfaction with Service,refund,Customer requests a refund as is intentioned to absoluetely get a refund. See sub-categories,2025-05-23T03:52:50Z,['refund']
9698,Re: [Ai SuitUp] Your AI Generated Headshots Are Ready!,regeneration,"Customer requests a re-generation with different parameters, e.g. my hair are red, I'm too skinny, etc. See sub-categories.",2025-05-22T22:29:04Z,['regeneration']
9692,Re: [Ai SuitUp] Your AI Generated Headshots Are Ready!,regeneration,"Customer requests a re-generation with different parameters, e.g. my hair are red, I'm too skinny, etc. See sub-categories.",2025-05-22T11:59:49Z,['regeneration']
9686,Re: [Ai SuitUp] Your AI Generated Headshots Are Ready!,regeneration,"Customer requests a re-generation with different parameters, e.g. my hair are red, I'm too skinny, etc. See sub-categories.",2025-05-21T23:00:23Z,['regeneration']
9685,Receipt,invoice,Customer requests an invoice,2025-05-21T21:54:41Z,['invoice']
9684,Refund Request,refund,Customer requests a refund as is intentioned to absoluetely get a refund. See sub-categories,2025-05-21T18:27:30Z,['refund']
9682,Re: [Ai SuitUp] Your AI Generated Headshots Are Ready!,reupload,Customer asks for the possibility to reupload different pictures to get better results,2025-05-21T15:13:20Z,['reupload']
9681,Re: [Ai SuitUp] Your AI Generated Headshots Are Ready!,regeneration,"Customer requests a re-generation with different parameters, e.g. my hair are red, I'm too skinny, etc. See sub-categories.",2025-05-21T13:52:33Z,['regeneration']
9680,Executive Headshoots,reupload,Customer asks for the possibility to reupload different pictures to get better results,2025-05-20T23:44:01Z,['reupload']
9674,Re: [Ai SuitUp] Your AI Generated Headshots Are Ready!,regeneration,"Customer requests a re-generation with different parameters, e.g. my hair are red, I'm too skinny, etc. See sub-categories.",2025-05-20T13:54:55Z,['regeneration']
9672,Purchase Receipt Needed,invoice,Customer requests an invoice,2025-05-20T12:46:28Z,['invoice']
9670,Re: [Ai SuitUp] Your payment has been received,cannot-access,Customer has lost access to the account/has lost the access to the upload,2025-05-19T23:29:22Z,['cannot-access']
9667,Please send my receipt,invoice,Customer requests an invoice,2025-05-19T19:33:55Z,['invoice']
9662,Re: [Ai SuitUp] Your payment has been received,refund,Customer requests a refund as is intentioned to absoluetely get a refund. See sub-categories,2025-05-19T18:37:33Z,['refund']
9661,Re: [Ai SuitUp] Your payment has been received,refund,Customer requests a refund as is intentioned to absoluetely get a refund. See sub-categories,2025-05-19T18:35:54Z,['refund']
9660,Re: [Ai SuitUp] How did we do?,refund,Customer requests a refund as is intentioned to absoluetely get a refund. See sub-categories,2025-05-19T18:34:03Z,['refund']
9659,For collaboration opportunity,influencers,Customer wants to sponsor AI SuitUp on their profiles,2025-05-19T17:59:12Z,['influencers']
9655,Re: [Ai SuitUp] Your AI Generated Headshots Are Ready!,refund,Customer requests a refund as is intentioned to absoluetely get a refund. See sub-categories,2025-05-19T03:23:42Z,['refund']
9654,Refund,refund,Customer requests a refund as is intentioned to absoluetely get a refund. See sub-categories,2025-05-18T23:18:56Z,['refund']
9646,Re: [Ai SuitUp] Your AI Generated Headshots Are Ready!,regeneration,"Customer requests a re-generation with different parameters, e.g. my hair are red, I'm too skinny, etc. See sub-categories.",2025-05-17T14:00:16Z,['regeneration']
9643,Re: [Ai SuitUp] Your AI Generated Headshots Are Ready!,refund,Customer requests a refund as is intentioned to absoluetely get a refund. See sub-categories,2025-05-16T17:32:11Z,['refund']
9642,Re: [Ai SuitUp] Your AI Generated Headshots Are Ready!,regeneration,"Customer requests a re-generation with different parameters, e.g. my hair are red, I'm too skinny, etc. See sub-categories.",2025-05-16T14:28:18Z,['regeneration']
9640,Re: [Ai SuitUp] Your AI Generated Headshots Are Ready!,regeneration,"Customer requests a re-generation with different parameters, e.g. my hair are red, I'm too skinny, etc. See sub-categories.",2025-05-16T11:33:25Z,['regeneration']
9636,Re: [Ai SuitUp] Your AI Generated Headshots Are Ready!,refund,Customer requests a refund as is intentioned to absoluetely get a refund. See sub-categories,2025-05-16T02:05:15Z,['refund']
9635,Refund,refund,Customer requests a refund as is intentioned to absoluetely get a refund. See sub-categories,2025-05-16T01:58:03Z,['refund']
9633,Re: [Ai SuitUp] Your AI Generated Headshots Are Ready!,regeneration,"Customer requests a re-generation with different parameters, e.g. my hair are red, I'm too skinny, etc. See sub-categories.",2025-05-15T23:41:55Z,['regeneration']
9632,Re: [Ai SuitUp] Your AI Generated Headshots Are Ready!,request-edit,Customer requests for custom edits (we will not do them)  ,2025-05-15T20:50:26Z,['request-edit']
9631,Re: [Ai SuitUp] Your AI Generated Headshots Are Ready!,regeneration,"Customer requests a re-generation with different parameters, e.g. my hair are red, I'm too skinny, etc. See sub-categories.",2025-05-15T17:43:35Z,"['google-review', 'regeneration']"
9629,Re: [Ai SuitUp] Your AI Generated Headshots Are Ready!,regeneration,"Customer requests a re-generation with different parameters, e.g. my hair are red, I'm too skinny, etc. See sub-categories.",2025-05-15T16:17:45Z,['regeneration']
9628,Twitter Collaboration,influencers,Customer wants to sponsor AI SuitUp on their profiles,2025-05-15T15:17:10Z,['influencers']
9627,Collaboration Proposal,influencers,Customer wants to sponsor AI SuitUp on their profiles,2025-05-15T14:44:03Z,['influencers']
9625,Refund request,reupload,Customer asks for the possibility to reupload different pictures to get better results,2025-05-15T14:09:57Z,['reupload']
9621,This looks like it's is AI generated,refund,Customer requests a refund as is intentioned to absoluetely get a refund. See sub-categories,2025-05-15T03:56:11Z,['refund']
9620,Refund,refund,Customer requests a refund as is intentioned to absoluetely get a refund. See sub-categories,2025-05-14T20:44:02Z,['refund']
9617,Refund?,regeneration,"Customer requests a re-generation with different parameters, e.g. my hair are red, I'm too skinny, etc. See sub-categories.",2025-05-14T17:36:19Z,"['pictures-not-received-spam', 'regeneration']"
9611,Re: [Ai SuitUp] Your AI Generated Headshots Are Ready!,invoice,Customer requests an invoice,2025-05-14T03:04:52Z,['invoice']
9609,Headshots,regeneration,"Customer requests a re-generation with different parameters, e.g. my hair are red, I'm too skinny, etc. See sub-categories.",2025-05-13T21:21:12Z,['regeneration']
9607,Order Status,ghost-email,The customer contacts us but no info is avaialble on him her in stripe or dashboard,2025-05-13T18:10:06Z,['ghost-email']
9598,"Hey there! Great pictures. As a small edit, is it‚Ä¶",regeneration,"Customer requests a re-generation with different parameters, e.g. my hair are red, I'm too skinny, etc. See sub-categories.",2025-05-13T10:30:15Z,"['regeneration', 'team-lead']"
9596,Photos,refund,Customer requests a refund as is intentioned to absoluetely get a refund. See sub-categories,2025-05-13T01:20:34Z,['refund']
9595,Re: [Ai SuitUp] Your AI Generated Headshots Are Ready!,refund,Customer requests a refund as is intentioned to absoluetely get a refund. See sub-categories,2025-05-12T23:59:48Z,['refund']
9593,Receipt,invoice,Customer requests an invoice,2025-05-12T23:31:33Z,['invoice']
9592,Ai headshots,refund,Customer requests a refund as is intentioned to absoluetely get a refund. See sub-categories,2025-05-12T22:41:31Z,['refund']
9588,Re: [Ai SuitUp] How did we do?,regeneration,"Customer requests a re-generation with different parameters, e.g. my hair are red, I'm too skinny, etc. See sub-categories.",2025-05-12T18:53:36Z,['regeneration']
9581,RE: victor@onlinereviewshere.com,influencers,Customer wants to sponsor AI SuitUp on their profiles,2025-05-12T08:22:45Z,['influencers']
9578,Re: [Ai SuitUp] Re: Collab with AI SuitUp,influencers,Customer wants to sponsor AI SuitUp on their profiles,2025-05-12T04:41:19Z,['influencers']
9574,Re: [Ai SuitUp] Your AI Generated Headshots Are Ready!,regeneration,"Customer requests a re-generation with different parameters, e.g. my hair are red, I'm too skinny, etc. See sub-categories.",2025-05-11T14:39:03Z,['regeneration']
9571,Re: [Ai SuitUp] Your AI Generated Headshots Are Ready!,refund,Customer requests a refund as is intentioned to absoluetely get a refund. See sub-categories,2025-05-10T16:56:12Z,['refund']
9569,Haven't received my headshots,wrong-email,,2025-05-09T20:54:10Z,['wrong-email']
9567,Re: [Ai SuitUp] Your AI Generated Headshots Are Ready!,refund,Customer requests a refund as is intentioned to absoluetely get a refund. See sub-categories,2025-05-09T18:47:57Z,['refund']
9566,Re: [Ai SuitUp] How did we do?,refund,Customer requests a refund as is intentioned to absoluetely get a refund. See sub-categories,2025-05-09T16:19:20Z,['refund']
9558,Re: [Ai SuitUp] How did we do?,refund,Customer requests a refund as is intentioned to absoluetely get a refund. See sub-categories,2025-05-08T23:47:37Z,['refund']
9556,refund request,refund,Customer requests a refund as is intentioned to absoluetely get a refund. See sub-categories,2025-05-08T18:52:01Z,['refund']
9555,Re: [Ai SuitUp] How did we do?,refund,Customer requests a refund as is intentioned to absoluetely get a refund. See sub-categories,2025-05-08T16:22:22Z,['refund']
9547,Re: [Ai SuitUp] Your payment has been received,regeneration,"Customer requests a re-generation with different parameters, e.g. my hair are red, I'm too skinny, etc. See sub-categories.",2025-05-08T02:42:57Z,"['loop', 'regeneration']"
9545,Feedback Request,regeneration,"Customer requests a re-generation with different parameters, e.g. my hair are red, I'm too skinny, etc. See sub-categories.",2025-05-07T20:30:05Z,"['loop', 'regeneration']"
9540,Fwd: Order issue,refund,Customer requests a refund as is intentioned to absoluetely get a refund. See sub-categories,2025-05-07T13:35:28Z,['refund']
9538,Free Generation for Linked in Share,linkedin,Customer has shared their pictures on LinkedIn and wants a re-generation,2025-05-07T12:59:43Z,['linkedin']
9535,Refund,refund,Customer requests a refund as is intentioned to absoluetely get a refund. See sub-categories,2025-05-07T11:30:21Z,['refund']
9534,Re: [Ai SuitUp] Your payment has been received,invoice,Customer requests an invoice,2025-05-07T10:21:14Z,['invoice']
9533,Re: [Ai SuitUp] Your AI Generated Headshots Are Ready!,invoice,Customer requests an invoice,2025-05-07T08:53:52Z,['invoice']
9532,Promotional Post,influencers,Customer wants to sponsor AI SuitUp on their profiles,2025-05-07T06:37:37Z,['influencers']
9531,Re: [Ai SuitUp] Your payment has been received,refund,Customer requests a refund as is intentioned to absoluetely get a refund. See sub-categories,2025-05-07T00:34:44Z,['refund']
9528,Re: [EXT] [Ai SuitUp] Your payment has been received,invoice,Customer requests an invoice,2025-05-06T20:18:18Z,['invoice']
9518,Re: [Ai SuitUp] Your AI Generated Headshots Are Ready!,refund,Customer requests a refund as is intentioned to absoluetely get a refund. See sub-categories,2025-05-06T13:02:19Z,"['closed_by_merge', 'refund']"
9512,Re: [Ai SuitUp] Your AI Generated Headshots Are Ready!,regeneration,"Customer requests a re-generation with different parameters, e.g. my hair are red, I'm too skinny, etc. See sub-categories.",2025-05-06T00:05:56Z,"['hair', 'regeneration']"
9511,Re: [Ai SuitUp] Your AI Generated Headshots Are Ready!,refund,Customer requests a refund as is intentioned to absoluetely get a refund. See sub-categories,2025-05-05T20:24:10Z,['refund']
9500,Re: [Ai SuitUp] How did we do?,regeneration,"Customer requests a re-generation with different parameters, e.g. my hair are red, I'm too skinny, etc. See sub-categories.",2025-05-04T19:20:41Z,"['hair', 'regeneration']"
9497,Refund,refund,Customer requests a refund as is intentioned to absoluetely get a refund. See sub-categories,2025-05-03T20:55:22Z,['refund']
9490,Moneyback guaranteed,refund,Customer requests a refund as is intentioned to absoluetely get a refund. See sub-categories,2025-05-03T06:06:53Z,['refund']
9484,Money Back Guarantee,refund,Customer requests a refund as is intentioned to absoluetely get a refund. See sub-categories,2025-05-02T11:25:07Z,['refund']
9474,Re: pricing info?,influencers,Customer wants to sponsor AI SuitUp on their profiles,2025-05-01T13:00:15Z,['influencers']
9469,RE: [Ai SuitUp] Your payment has been received,invoice,Customer requests an invoice,2025-04-30T19:47:44Z,['invoice']
9466,Headshots for women wearing hijab,regeneration,"Customer requests a re-generation with different parameters, e.g. my hair are red, I'm too skinny, etc. See sub-categories.",2025-04-30T16:16:30Z,"['hijab', 'regeneration']"
9452,Re: [Ai SuitUp] Re: Re: [Ai SuitUp] Your AI Generated Headshots Are Ready!,refund,Customer requests a refund as is intentioned to absoluetely get a refund. See sub-categories,2025-04-29T16:56:12Z,['refund']
9450,Headshots,double-pay,Customer has paid two times and wants a refund,2025-04-29T15:17:17Z,['double-pay']
9448,Re: [Ai SuitUp] Your AI Generated Headshots Are Ready!,regeneration,"Customer requests a re-generation with different parameters, e.g. my hair are red, I'm too skinny, etc. See sub-categories.",2025-04-29T13:10:57Z,['regeneration']
9443,Double Payment Made,double-pay,Customer has paid two times and wants a refund,2025-04-28T18:48:51Z,['double-pay']
9442,Re: [Ai SuitUp] Re: Re: [Ai SuitUp] Your AI Generated Headshots Are Ready!,linkedin,Customer has shared their pictures on LinkedIn and wants a re-generation,2025-04-28T17:44:58Z,['linkedin']
9441,Re: [Ai SuitUp] Your AI Generated Headshots Are Ready!,regeneration,"Customer requests a re-generation with different parameters, e.g. my hair are red, I'm too skinny, etc. See sub-categories.",2025-04-28T16:57:45Z,"['proportions', 'regeneration']"
9438,Re: [Ai SuitUp] How did we do?,linkedin,Customer has shared their pictures on LinkedIn and wants a re-generation,2025-04-28T11:49:08Z,['linkedin']
9393,Re: [Ai SuitUp] Your payment has been received,refund,Customer requests a refund as is intentioned to absoluetely get a refund. See sub-categories,2025-04-23T19:11:18Z,['refund']
9379,Re: [Ai SuitUp] Your AI Generated Headshots Are Ready!,feedback,Customer wants to provide feedback,2025-04-22T19:30:46Z,"['feedback', 'negative']"
9378,Re: [Ai SuitUp] Your payment has been received,refund,Customer requests a refund as is intentioned to absoluetely get a refund. See sub-categories,2025-04-22T19:29:19Z,['refund']
9351,Order: 8116eddd-ba60-4b5c-a4da-ae38964589d2,regeneration,"Customer requests a re-generation with different parameters, e.g. my hair are red, I'm too skinny, etc. See sub-categories.",2025-04-21T15:03:28Z,['regeneration']
9346,Re: [Ai SuitUp] Re: Re: [Ai SuitUp] Your AI Generated Headshots Are Ready!,feedback,Customer wants to provide feedback,2025-04-21T09:20:07Z,['feedback']
9343,My headshots,feedback,Customer wants to provide feedback,2025-04-21T02:28:46Z,"['feedback', 'negative']"
9341,Re: [Ai SuitUp] Your payment has been received,regeneration,"Customer requests a re-generation with different parameters, e.g. my hair are red, I'm too skinny, etc. See sub-categories.",2025-04-20T19:03:20Z,['regeneration']
9340,Re: [Ai SuitUp] Your AI Generated Headshots Are Ready!,feedback,Customer wants to provide feedback,2025-04-20T18:22:15Z,['feedback']
9333,RE: [Ai SuitUp] Your payment has been received,regeneration,"Customer requests a re-generation with different parameters, e.g. my hair are red, I'm too skinny, etc. See sub-categories.",2025-04-20T00:09:12Z,['regeneration']
9317,Regenerate new set?,feedback,Customer wants to provide feedback,2025-04-18T12:58:32Z,"['feedback', 'redacted_content']"
9271,My headshots,feedback,Customer wants to provide feedback,2025-04-15T18:23:08Z,['feedback']
9162,Re: [Ai SuitUp] Your AI Generated Headshots Are Ready!,feedback,Customer wants to provide feedback,2025-04-06T23:14:19Z,['feedback']
9088,Re: [Ai SuitUp] Re: Re: [Ai SuitUp] Your AI Generated Headshots Are Ready!,regeneration,"Customer requests a re-generation with different parameters, e.g. my hair are red, I'm too skinny, etc. See sub-categories.",2025-04-01T16:56:45Z,"['body-type', 'hair', 'regeneration', 'skin']"
9079,Re: [Ai SuitUp] Your AI Generated Headshots Are Ready!,regeneration,"Customer requests a re-generation with different parameters, e.g. my hair are red, I'm too skinny, etc. See sub-categories.",2025-04-01T02:07:14Z,"['hair', 'regeneration']"
9048,Re: [Ai SuitUp] Your AI Generated Headshots Are Ready!,feedback,Customer wants to provide feedback,2025-03-29T17:13:05Z,"['body-type', 'feedback', 'hair']"
9035,Re: [Ai SuitUp] Re: Re: [Ai SuitUp] How did we do?,regeneration,"Customer requests a re-generation with different parameters, e.g. my hair are red, I'm too skinny, etc. See sub-categories.",2025-03-28T10:03:34Z,"['non-formal', 'regeneration']"
9031,Re: [Ai SuitUp] Your AI Generated Headshots Are Ready!,feedback,Customer wants to provide feedback,2025-03-28T02:12:27Z,"['biracial', 'ethnicity', 'feedback']"
8990,Headshots,regeneration,"Customer requests a re-generation with different parameters, e.g. my hair are red, I'm too skinny, etc. See sub-categories.",2025-03-25T16:09:51Z,"['hair', 'regeneration']"
8983,Re: [Ai SuitUp] Your AI Generated Headshots Are Ready!,regeneration,"Customer requests a re-generation with different parameters, e.g. my hair are red, I'm too skinny, etc. See sub-categories.",2025-03-25T05:20:31Z,"['ethnicity', 'regeneration']"
8977,Re: [Ai SuitUp] Your AI Generated Headshots Are Ready!,regeneration,"Customer requests a re-generation with different parameters, e.g. my hair are red, I'm too skinny, etc. See sub-categories.",2025-03-24T21:46:36Z,"['body-type', 'regeneration']"
8966,Re: [Ai SuitUp] Re: Re: [Ai SuitUp] Your AI Generated Headshots Are Ready!,feedback,Customer wants to provide feedback,2025-03-24T12:01:01Z,['feedback']
8960,Refund Request,feedback,Customer wants to provide feedback,2025-03-23T18:56:45Z,"['feedback', 'refund-form']"
8936,AW: [Ai SuitUp] Your payment has been received,invoice,Customer requests an invoice,2025-03-21T18:03:46Z,['invoice']
8885,AW: [Ai SuitUp] Your payment has been received,invoice,Customer requests an invoice,2025-03-20T07:42:13Z,['invoice']
8796,Re: [Ai SuitUp] Your AI Generated Headshots Are Ready!,regeneration,"Customer requests a re-generation with different parameters, e.g. my hair are red, I'm too skinny, etc. See sub-categories.",2025-03-13T19:53:39Z,"['redacted_content', 'regeneration']"
8601,Re: [Ai SuitUp] Your AI Generated Headshots Are Ready!,refund,Customer requests a refund as is intentioned to absoluetely get a refund. See sub-categories,2025-03-03T16:48:37Z,['refund']
8414,Partnership with AI SuitUp,influencers,Customer wants to sponsor AI SuitUp on their profiles,2025-02-21T14:45:33Z,['influencers']
10325,Headshots - never received,pictures-not-received-spam,"Customer generation is stuck, pictures have not been received after X hours. caused by customer not checking their spam folder",2025-07-18T02:51:34Z,['pictures-not-received-spam']
10245,ISSUE,pictures-not-received-spam,"Customer generation is stuck, pictures have not been received after X hours. caused by customer not checking their spam folder",2025-07-10T21:59:09Z,['pictures-not-received-spam']
10243,Headshot delay?,pictures-not-received-spam,"Customer generation is stuck, pictures have not been received after X hours. caused by customer not checking their spam folder",2025-07-10T21:19:26Z,['pictures-not-received-spam']
10228,Re: [Ai SuitUp] Your payment has been received,pictures-not-received-spam,"Customer generation is stuck, pictures have not been received after X hours. caused by customer not checking their spam folder",2025-07-10T03:47:09Z,['pictures-not-received-spam']
10210,Re: [Ai SuitUp] Your payment has been received,pictures-not-received-spam,"Customer generation is stuck, pictures have not been received after X hours. caused by customer not checking their spam folder",2025-07-08T17:06:52Z,['pictures-not-received-spam']
10111,Order Never Received,pictures-not-received-spam,"Customer generation is stuck, pictures have not been received after X hours. caused by customer not checking their spam folder",2025-07-01T22:52:12Z,['pictures-not-received-spam']
10105,Error in email,pictures-not-received-spam,"Customer generation is stuck, pictures have not been received after X hours. caused by customer not checking their spam folder",2025-07-01T13:56:34Z,['pictures-not-received-spam']
10066,Headshots order,pictures-not-received-spam,"Customer generation is stuck, pictures have not been received after X hours. caused by customer not checking their spam folder",2025-06-28T00:39:01Z,['pictures-not-received-spam']
9946,Wrong Email Address Imputed,pictures-not-received-spam,"Customer generation is stuck, pictures have not been received after X hours. caused by customer not checking their spam folder",2025-06-15T13:00:32Z,['pictures-not-received-spam']
9855,Email Wrong - Please send to this one,pictures-not-received-spam,"Customer generation is stuck, pictures have not been received after X hours. caused by customer not checking their spam folder",2025-06-06T20:40:58Z,['pictures-not-received-spam']
9825,Headshot Ai,pictures-not-received-spam,"Customer generation is stuck, pictures have not been received after X hours. caused by customer not checking their spam folder",2025-06-04T21:13:25Z,['pictures-not-received-spam']
9798,Re: [Ai SuitUp] Your payment has been received,pictures-not-received-spam,"Customer generation is stuck, pictures have not been received after X hours. caused by customer not checking their spam folder",2025-06-03T09:24:30Z,['pictures-not-received-spam']
9768,Re: [Ai SuitUp] Your payment has been received,pictures-not-received-spam,"Customer generation is stuck, pictures have not been received after X hours. caused by customer not checking their spam folder",2025-05-31T01:06:20Z,['pictures-not-received-spam']
9753,never recieved photos,pictures-not-received-spam,"Customer generation is stuck, pictures have not been received after X hours. caused by customer not checking their spam folder",2025-05-29T15:38:09Z,['pictures-not-received-spam']
9742,help!,pictures-not-received-spam,"Customer generation is stuck, pictures have not been received after X hours. caused by customer not checking their spam folder",2025-05-28T22:48:38Z,['pictures-not-received-spam']
9723,Re: [Ai SuitUp] Your payment has been received,pictures-not-received-spam,"Customer generation is stuck, pictures have not been received after X hours. caused by customer not checking their spam folder",2025-05-26T23:15:14Z,['pictures-not-received-spam']
9683,Re: [Ai SuitUp] Your payment has been received,pictures-not-received-spam,"Customer generation is stuck, pictures have not been received after X hours. caused by customer not checking their spam folder",2025-05-21T16:00:33Z,['pictures-not-received-spam']
9645,Significant delay in delivery,pictures-not-received-spam,"Customer generation is stuck, pictures have not been received after X hours. caused by customer not checking their spam folder",2025-05-17T07:04:40Z,['pictures-not-received-spam']
9641,Headshots,pictures-not-received-spam,"Customer generation is stuck, pictures have not been received after X hours. caused by customer not checking their spam folder",2025-05-16T12:11:05Z,['pictures-not-received-spam']
9618,Re: [Ai SuitUp] Your payment has been received,pictures-not-received-spam,"Customer generation is stuck, pictures have not been received after X hours. caused by customer not checking their spam folder",2025-05-14T18:12:54Z,['pictures-not-received-spam']
9603,I did not receive my photos,pictures-not-received-spam,"Customer generation is stuck, pictures have not been received after X hours. caused by customer not checking their spam folder",2025-05-13T14:14:20Z,['pictures-not-received-spam']
9580,Wrong email,pictures-not-received-spam,"Customer generation is stuck, pictures have not been received after X hours. caused by customer not checking their spam folder",2025-05-12T08:13:53Z,['pictures-not-received-spam']
9573,Waiting on photos still,pictures-not-received-spam,"Customer generation is stuck, pictures have not been received after X hours. caused by customer not checking their spam folder",2025-05-11T14:19:43Z,['pictures-not-received-spam']
9561,My photos,pictures-not-received-spam,"Customer generation is stuck, pictures have not been received after X hours. caused by customer not checking their spam folder",2025-05-09T07:38:52Z,['pictures-not-received-spam']
9559,Check order status,pictures-not-received-spam,"Customer generation is stuck, pictures have not been received after X hours. caused by customer not checking their spam folder",2025-05-09T02:35:27Z,['pictures-not-received-spam']
9557,Headshots,pictures-not-received-spam,"Customer generation is stuck, pictures have not been received after X hours. caused by customer not checking their spam folder",2025-05-08T23:31:48Z,['pictures-not-received-spam']
